<?xml version="1.0" encoding="UTF-8"?>

<b:beans xmlns="http://www.springframework.org/schema/security"
	xmlns:b="http://www.springframework.org/schema/beans"
	xmlns:xsi="http://www.w3.org/2001/XMLSchema-instance"
	xsi:schemaLocation="http://www.springframework.org/schema/beans 
     http://www.springframework.org/schema/beans/spring-beans.xsd
     http://www.springframework.org/schema/security 
     http://www.springframework.org/schema/security/spring-security.xsd">

	<http auto-config="true"><!--Declaramos todos los recursos que estaran protegidos -->
		<intercept-url pattern="/operativos/*"
			access="hasAnyAuthority('ADMIN','AGENTE')" />
			
		<intercept-url pattern="/Oficios/*"
			access="hasAnyAuthority('ADMIN','AGENTE')" />
				
			<intercept-url pattern="/Personas/*"
			access="hasAnyAuthority('ADMIN')" />	
			
			
		<form-login login-page="/login" default-target-url="/admin/index" />

	</http>
<!--
	<authentication-manager>

		<authentication-provider>
			<user-service>
				<user name="luis" password="{noop}luis123" authorities="EDITOR" />
				<user name="marisol" password="{noop}mari123"
					authorities="GERENTE" />

			</user-service>
		</authentication-provider>

	</authentication-manager>
-->

	<!--Autenticacion desde una base de datos -->
	<authentication-manager>
		<authentication-provider>
			<jdbc-user-service data-source-ref="dataSource" />
		</authentication-provider>
	</authentication-manager>







</b:beans>
